sheet,row,col,cell,value
计划购电量,1,1,A1,时间段
计划购电量,1,2,B1,购电量
计划购电量,2,1,A2,0:10-0:20
计划购电量,3,1,A3,0:20-0:30
计划购电量,4,1,A4,0:30-0:40
计划购电量,5,1,A5,0:40-0:50
计划购电量,6,1,A6,0:50-1:00
计划购电量,7,1,A7,1:00-1:10
计划购电量,8,1,A8,1:10-1:20
计划购电量,9,1,A9,1:20-1:30
计划购电量,10,1,A10,1:30-1:40
计划购电量,11,1,A11,1:40-1:50
计划购电量,12,1,A12,1:50-2:00
计划购电量,13,1,A13,2:00-2:10
计划购电量,14,1,A14,2:10-2:20
计划购电量,15,1,A15,2:20-2:30
计划购电量,16,1,A16,2:30-2:40
计划购电量,17,1,A17,2:40-2:50
计划购电量,18,1,A18,2:50-3:00
计划购电量,19,1,A19,3:00-3:10
计划购电量,20,1,A20,3:10-3:20
计划购电量,21,1,A21,3:20-3:30
计划购电量,22,1,A22,3:30-3:40
计划购电量,23,1,A23,3:40-3:50
计划购电量,24,1,A24,3:50-4:00
计划购电量,25,1,A25,4:00-4:10
计划购电量,26,1,A26,4:10-4:20
计划购电量,27,1,A27,4:20-4:30
计划购电量,28,1,A28,4:30-4:40
计划购电量,29,1,A29,4:40-4:50
计划购电量,30,1,A30,4:50-5:00
计划购电量,31,1,A31,5:00-5:10
计划购电量,32,1,A32,5:10-5:20
计划购电量,33,1,A33,5:20-5:30
计划购电量,34,1,A34,5:30-5:40
计划购电量,35,1,A35,5:40-5:50
计划购电量,36,1,A36,5:50-6:00
计划购电量,37,1,A37,6:00-6:10
计划购电量,38,1,A38,6:10-6:20
计划购电量,39,1,A39,6:20-6:30
计划购电量,40,1,A40,6:30-6:40
计划购电量,41,1,A41,6:40-6:50
计划购电量,42,1,A42,6:50-7:00
计划购电量,43,1,A43,7:00-7:10
计划购电量,44,1,A44,7:10-7:20
计划购电量,45,1,A45,7:20-7:30
计划购电量,46,1,A46,7:30-7:40
计划购电量,47,1,A47,7:40-7:50
计划购电量,48,1,A48,7:50-8:00
计划购电量,49,1,A49,8:00-8:10
计划购电量,50,1,A50,8:10-8:20
计划购电量,51,1,A51,8:20-8:30
计划购电量,52,1,A52,8:30-8:40
计划购电量,53,1,A53,8:40-8:50
计划购电量,54,1,A54,8:50-9:00
计划购电量,55,1,A55,9:00-9:10
计划购电量,56,1,A56,9:10-9:20
计划购电量,57,1,A57,9:20-9:30
计划购电量,58,1,A58,9:30-9:40
计划购电量,59,1,A59,9:40-9:50
计划购电量,60,1,A60,9:50-10:00
计划购电量,61,1,A61,10:00-10:10
计划购电量,62,1,A62,10:10-10:20
计划购电量,63,1,A63,10:20-10:30
计划购电量,64,1,A64,10:30-10:40
计划购电量,65,1,A65,10:40-10:50
计划购电量,66,1,A66,10:50-11:00
计划购电量,67,1,A67,11:00-11:10
计划购电量,68,1,A68,11:10-11:20
计划购电量,69,1,A69,11:20-11:30
计划购电量,70,1,A70,11:30-11:40
计划购电量,71,1,A71,11:40-11:50
计划购电量,72,1,A72,11:50-12:00
计划购电量,73,1,A73,12:00-12:10
计划购电量,74,1,A74,12:10-12:20
计划购电量,75,1,A75,12:20-12:30
计划购电量,76,1,A76,12:30-12:40
计划购电量,77,1,A77,12:40-12:50
计划购电量,78,1,A78,12:50-13:00
计划购电量,79,1,A79,13:00-13:10
计划购电量,80,1,A80,13:10-13:20
计划购电量,81,1,A81,13:20-13:30
计划购电量,82,1,A82,13:30-13:40
计划购电量,83,1,A83,13:40-13:50
计划购电量,84,1,A84,13:50-14:00
计划购电量,85,1,A85,14:00-14:10
计划购电量,86,1,A86,14:10-14:20
计划购电量,87,1,A87,14:20-14:30
计划购电量,88,1,A88,14:30-14:40
计划购电量,89,1,A89,14:40-14:50
计划购电量,90,1,A90,14:50-15:00
计划购电量,91,1,A91,15:00-15:10
计划购电量,92,1,A92,15:10-15:20
计划购电量,93,1,A93,15:20-15:30
计划购电量,94,1,A94,15:30-15:40
计划购电量,95,1,A95,15:40-15:50
计划购电量,96,1,A96,15:50-16:00
计划购电量,97,1,A97,16:00-16:10
计划购电量,98,1,A98,16:10-16:20
计划购电量,99,1,A99,16:20-16:30
计划购电量,100,1,A100,16:30-16:40
计划购电量,101,1,A101,16:40-16:50
计划购电量,102,1,A102,16:50-17:00
计划购电量,103,1,A103,17:00-17:10
计划购电量,104,1,A104,17:10-17:20
计划购电量,105,1,A105,17:20-17:30
计划购电量,106,1,A106,17:30-17:40
计划购电量,107,1,A107,17:40-17:50
计划购电量,108,1,A108,17:50-18:00
计划购电量,109,1,A109,18:00-18:10
计划购电量,110,1,A110,18:10-18:20
计划购电量,111,1,A111,18:20-18:30
计划购电量,112,1,A112,18:30-18:40
计划购电量,113,1,A113,18:40-18:50
计划购电量,114,1,A114,18:50-19:00
计划购电量,115,1,A115,19:00-19:10
计划购电量,116,1,A116,19:10-19:20
计划购电量,117,1,A117,19:20-19:30
计划购电量,118,1,A118,19:30-19:40
计划购电量,119,1,A119,19:40-19:50
计划购电量,120,1,A120,19:50-20:00
计划购电量,121,1,A121,20:00-20:10
计划购电量,122,1,A122,20:10-20:20
计划购电量,123,1,A123,20:20-20:30
计划购电量,124,1,A124,20:30-20:40
计划购电量,125,1,A125,20:40-20:50
计划购电量,126,1,A126,20:50-21:00
计划购电量,127,1,A127,21:00-21:10
计划购电量,128,1,A128,21:10-21:20
计划购电量,129,1,A129,21:20-21:30
计划购电量,130,1,A130,21:30-21:40
计划购电量,131,1,A131,21:40-21:50
计划购电量,132,1,A132,21:50-22:00
计划购电量,133,1,A133,22:00-22:10
计划购电量,134,1,A134,22:10-22:20
计划购电量,135,1,A135,22:20-22:30
计划购电量,136,1,A136,22:30-22:40
计划购电量,137,1,A137,22:40-22:50
计划购电量,138,1,A138,22:50-23:00
计划购电量,139,1,A139,23:00-23:10
计划购电量,140,1,A140,23:10-23:20
计划购电量,141,1,A141,23:20-23:30
计划购电量,142,1,A142,23:30-23:40
计划购电量,143,1,A143,23:40-23:50
计划购电量,144,1,A144,23:50-0:00+1
计划购电量,145,1,A145,0:00+1-0:10+1
充放电量,1,1,A1,时间段
充放电量,1,2,B1,充电量
充放电量,1,3,C1,放电量
充放电量,1,4,D1,时刻
充放电量,1,5,E1,储电量
充放电量,2,1,A2,0:00-4:00
充放电量,2,4,D2,0:00
充放电量,3,1,A3,4:00-8:00
充放电量,3,4,D3,24:00
充放电量,4,1,A4,8:00-12:00
充放电量,5,1,A5,12:00-16:00
充放电量,6,1,A6,16:00-20:00
充放电量,7,1,A7,20:00-24:00
